degree,constraint_order,regularization,feasible,eval_point,estimate,truth,abs_error,log10_abs_error,strain_energy,elapsed_ms,schur_condition_number,log10_schur_condition_number,constraint_count,status
4,1,1e-14,1,1.5,1.3392872181375781,1.329340388179137,0.009946829958441095,-2.002315306280847,1.7142680460659492,4.254959000000058,42335353925198.17,13.626703194841536,3.0,ok
4,2,1e-14,1,1.5,1.3069126730590175,1.329340388179137,0.02242771512011954,-1.6492149690059423,2.1005295388772702,0.5604999999999638,54824772606405.08,13.738976839054745,4.0,ok
4,3,1e-14,0,1.5,,1.329340388179137,,,,,,,,skipped_infeasible
4,4,1e-14,0,1.5,,1.329340388179137,,,,,,,,skipped_infeasible
4,5,1e-14,0,1.5,,1.329340388179137,,,,,,,,skipped_infeasible
4,6,1e-14,0,1.5,,1.329340388179137,,,,,,,,skipped_infeasible
4,7,1e-14,0,1.5,,1.329340388179137,,,,,,,,skipped_infeasible
4,8,1e-14,0,1.5,,1.329340388179137,,,,,,,,skipped_infeasible
6,1,1e-14,1,1.5,1.3392854745182372,1.329340388179137,0.009945086339100184,-2.002391442159252,1.7142858647739112,0.4863750000001499,18243676473256.883,13.261112362016329,3.0,ok
6,2,1e-14,1,1.5,1.3323110877003013,1.329340388179137,0.002970699521164244,-2.5271412737768686,1.8155199598200509,0.556082999999985,57446091835826.52,13.759260488170193,4.0,ok
6,3,1e-14,1,1.5,1.3298838879104293,1.329340388179137,0.0005434997312923073,-3.2648006662939646,1.8497388486500352,0.46320799999999274,128756447813250.05,14.109768986680987,5.0,ok
6,4,1e-14,1,1.5,1.3081039180838778,1.329340388179137,0.021236470095259197,-1.6729176695845367,1.9956642009752552,0.6625000000000103,365578384779829.25,14.562980509686632,6.0,ok
6,5,1e-14,0,1.5,,1.329340388179137,,,,,,,,skipped_infeasible
6,6,1e-14,0,1.5,,1.329340388179137,,,,,,,,skipped_infeasible
6,7,1e-14,0,1.5,,1.329340388179137,,,,,,,,skipped_infeasible
6,8,1e-14,0,1.5,,1.329340388179137,,,,,,,,skipped_infeasible
8,1,1e-14,1,1.5,1.3392858574483057,1.329340388179137,0.009945469269168727,-2.002374720211508,1.7142851502897305,0.44695900000002453,10100401424334.992,13.00433863446672,3.0,ok
8,2,1e-14,1,1.5,1.335658044621225,1.329340388179137,0.006317656442087927,-2.1994439949807734,1.7614172846775582,0.5593750000001396,61821361521544.8,13.791138565508628,4.0,ok
8,3,1e-14,1,1.5,1.3353709776470117,1.329340388179137,0.006030589467874714,-2.2196402351014437,1.776728759532097,0.5605829999999479,119629965139164.83,14.077839976179192,5.0,ok
8,4,1e-14,1,1.5,1.3312727106850615,1.329340388179137,0.0019323225059244553,-2.713920387830228,1.8285037457936508,0.6919579999999925,231739307932963.25,14.3649997056522,6.0,ok
8,5,1e-14,1,1.5,1.328087666285999,1.329340388179137,0.0012527218931379647,-2.902145332582311,1.873528815289299,0.6562089999999632,1248469781001816.2,15.096378034790698,7.0,ok
8,6,1e-14,1,1.5,1.3140827222911813,1.329340388179137,0.01525766588795574,-1.816511899507883,1.920272324909299,0.6792499999999091,1.547669064162004e+16,16.18967810171295,8.0,ok
8,7,1e-14,0,1.5,,1.329340388179137,,,,,,,,skipped_infeasible
8,8,1e-14,0,1.5,,1.329340388179137,,,,,,,,skipped_infeasible
10,1,1e-14,1,1.5,1.3392857031576386,1.329340388179137,0.009945314978501596,-2.002381457762377,1.7142857679355157,0.7209999999999717,6396365963782.1045,12.805933303652113,3.0,ok
10,2,1e-14,1,1.5,1.3373272974141002,1.329340388179137,0.007986909234963147,-2.0976212509598704,1.741604169833936,0.80595799999994,64256861388942.26,13.807919508723243,4.0,ok
10,3,1e-14,1,1.5,1.3366431764121736,1.329340388179137,0.007302788233036539,-2.136511292889583,1.7504749588422008,0.9242920000001043,115489522209357.8,14.062542584634468,5.0,ok
10,4,1e-14,1,1.5,1.3342997896929738,1.329340388179137,0.004959401513836781,-2.3045707297438147,1.7782720648030164,1.2682079999999374,198278551478620.38,14.297275737512011,6.0,ok
10,5,1e-14,1,1.5,1.3339116286806372,1.329340388179137,0.004571240501500151,-2.3399659290657904,1.798509148928178,0.750291000000125,854342610780582.6,14.93163206756556,7.0,ok
10,6,1e-14,1,1.5,1.3315166717267102,1.329340388179137,0.0021762835475731546,-2.6622845211411916,1.8265335301747279,0.7239160000001021,4235718189415053.5,15.62692705793845,8.0,ok
10,7,1e-14,1,1.5,1.3277398984140263,1.329340388179137,0.0016004897651107353,-2.795747098758301,1.8772730673009537,0.9178340000000063,2.9491160406483548e+16,16.469691861335036,9.0,ok
10,8,1e-14,1,1.5,1.3256820667546305,1.329340388179137,0.0036583214245065054,-2.4367181395493382,1.8781496018284625,0.881875000000143,4.718756992059365e+18,18.67382761249338,10.0,ok
12,1,1e-14,1,1.5,1.3392857144818182,1.329340388179137,0.00994532630268119,-2.0023809632555745,1.7142857018113116,0.7545419999999137,4407627295907.528,12.644204863934917,3.0,ok
12,2,1e-14,1,1.5,1.3379386414364842,1.329340388179137,0.0085982532573472,-2.06558976709892,1.7321290193676178,0.7662500000000794,65701983066516.52,13.817578477959295,4.0,ok
12,3,1e-14,1,1.5,1.3376609780383286,1.329340388179137,0.008320589859191596,-2.0798458848256747,1.737969431088244,0.9902090000000197,113276260680356.42,14.054138904252023,5.0,ok
12,4,1e-14,1,1.5,1.336335373878018,1.329340388179137,0.006994985698880907,-2.1552131690782947,1.7555374690818233,0.96324999999986,186784036483298.94,14.271339756457962,6.0,ok
12,5,1e-14,1,1.5,1.3354578172880875,1.329340388179137,0.006117429108950523,-2.2134310547134013,1.767456231347076,0.8943329999999694,691016768412628.6,14.839488586217492,7.0,ok
12,6,1e-14,1,1.5,1.333899971168834,1.329340388179137,0.004559582989696942,-2.3410748752204387,1.7838289120728354,0.8715829999998981,2333473156589230.0,15.368002809287074,8.0,ok
12,7,1e-14,1,1.5,1.3334225622893388,1.329340388179137,0.004082174110201731,-2.38910847598269,1.8057205871551436,0.8282909999999255,1.27970134239458e+16,16.10710862551959,9.0,ok
12,8,1e-14,1,1.5,1.331995227399343,1.329340388179137,0.002654839220205929,-2.5759617751066872,1.8216757201470015,1.023500000000066,2.0968022981548326e+17,17.321557483937884,10.0,ok
14,1,1e-14,1,1.5,1.3392857131482017,1.329340388179137,0.00994532496906464,-2.0023810214922104,1.714285825420721,0.9146669999999801,3218890448237.672,12.50770619615269,3.0,ok
14,2,1e-14,1,1.5,1.338373086262091,1.329340388179137,0.009032698082954038,-2.0441825057753698,1.7268595402265732,0.5736670000000554,66618938148634.086,13.823597706111627,4.0,ok
14,3,1e-14,1,1.5,1.3380520386857226,1.329340388179137,0.008711650506585622,-2.0598995558998823,1.7310139631055275,5.820374999999878,111927302809667.8,14.048936038389353,5.0,ok
14,4,1e-14,1,1.5,1.3371023809395428,1.329340388179137,0.007761992760405789,-2.110026766661359,1.7431834840057219,1.1959579999998304,181789504545493.12,14.259568806006111,6.0,ok
14,5,1e-14,1,1.5,1.3367420406838553,1.329340388179137,0.007401652504718248,-2.13067130816632,1.751168473947584,1.268708999999868,602305161313039.5,14.77981658477139,7.0,ok
14,6,1e-14,1,1.5,1.335886254803996,1.329340388179137,0.006545866624859009,-2.184032847894172,1.7620335984953273,1.133124999999957,1670676860827981.0,15.222892457595167,8.0,ok
14,7,1e-14,1,1.5,1.3349494024698227,1.329340388179137,0.005609014290685721,-2.2511134534905644,1.7748166204366966,1.3023750000000778,8164497561163843.0,15.911929463643654,9.0,ok
14,8,1e-14,1,1.5,1.3338183477718275,1.329340388179137,0.004477959592690484,-2.348919829638348,1.785331323160413,1.2615830000000106,6.757649040707112e+16,16.829795632889873,10.0,ok
16,1,1e-14,1,1.5,1.339285713398191,1.329340388179137,0.009945325219054002,-2.002381010575624,1.71428597765797,1.2504999999998212,2452653813462.505,12.389636252848454,3.0,ok
16,2,1e-14,1,1.5,1.3385861122801703,1.329340388179137,0.009245724101033304,-2.034059070360035,1.723625820561814,1.0385000000001643,67233043076915.67,13.827582768574421,4.0,ok
16,3,1e-14,1,1.5,1.338405247996203,1.329340388179137,0.009064859817065951,-2.0426389076352627,1.7267395165555985,1.1669579999999957,111020474144951.28,14.04540307777963,5.0,ok
16,4,1e-14,1,1.5,1.3377373397318781,1.329340388179137,0.008396951552741116,-2.075878352523106,1.735689411868865,1.3678749999999074,179181994096263.0,14.253294365496147,6.0,ok
16,5,1e-14,1,1.5,1.3373051036768515,1.329340388179137,0.007964715497714492,-2.098829732729067,1.7414611373769553,1.54349999999992,546938120763892.4,14.737938194101352,7.0,ok
16,6,1e-14,1,1.5,1.3366616538003953,1.329340388179137,0.007321265621258233,-2.1354138363163466,1.749254071543805,1.721708000000044,1346912475000049.0,15.129339375337302,8.0,ok
16,7,1e-14,1,1.5,1.3362778971944218,1.329340388179137,0.006937509015284782,-2.1587964395037336,1.7578298756505446,1.7613330000001426,6139113366013270.0,15.788105653217308,9.0,ok
16,8,1e-14,1,1.5,1.335683452979195,1.329340388179137,0.006343064800057974,-2.1977008518748278,1.7651252434771252,1.514041000000077,3.605728910806505e+16,16.556993072090634,10.0,ok
18,1,1e-14,1,1.5,1.3392857144055137,1.329340388179137,0.009945326226376672,-2.0023809665876553,1.7142862267286123,1.587665999999821,1930270602376.6956,12.285618196510898,3.0,ok
18,2,1e-14,1,1.5,1.3387592579956968,1.329340388179137,0.009418869816559816,-2.026001205686769,1.7214983739585445,1.5826660000000103,67662348986131.24,13.830347070809436,4.0,ok
18,3,1e-14,1,1.5,1.338573029582278,1.329340388179137,0.009232641403140951,-2.0346740321596735,1.7239221875696014,1.5035409999999416,110365702747057.89,14.042834132977783,5.0,ok
18,4,1e-14,1,1.5,1.3380501921982135,1.329340388179137,0.008709804019076506,-2.0599916170234738,1.7307900650481434,1.5479579999999604,177627118814873.88,14.24950927142318,6.0,ok
18,5,1e-14,1,1.5,1.3378053559414305,1.329340388179137,0.00846496776229344,-2.072374691504807,1.735177865378,1.508958999999921,509292332530528.3,14.706967137859374,7.0,ok
18,6,1e-14,1,1.5,1.337354339883254,1.329340388179137,0.008013951704116895,-2.0961532791604607,1.7410638402220775,1.4692080000000551,1157799202148148.2,15.0636332459539,8.0,ok
18,7,1e-14,1,1.5,1.3368928536689937,1.329340388179137,0.0075524654898566634,-2.121911250510036,1.7472925805164279,1.6129160000000198,5032395164576558.0,15.701774736383317,9.0,ok
18,8,1e-14,1,1.5,1.3364220244686047,1.329340388179137,0.007081636289467674,-2.1498663822282116,1.7526731156807929,2.492959000000017,2.419903512981949e+16,16.38379805002386,10.0,ok
20,1,1e-14,1,1.5,1.3392857136898932,1.329340388179137,0.00994532551075622,-2.0023809978375127,1.7142866549044453,1.9120829999998978,1558367275035.0295,12.19266981965458,3.0,ok
20,2,1e-14,1,1.5,1.3388576867154505,1.329340388179137,0.009517298536313445,-2.0214863076308442,1.7200241749400782,1.1159999999998949,67972995692575.46,13.832336410485533,4.0,ok
20,3,1e-14,1,1.5,1.3387349820245484,1.329340388179137,0.009394593845411414,-2.0271219909237,1.7219661630399576,0.8846670000000056,109867514528953.62,14.040869299826882,5.0,ok
20,4,1e-14,1,1.5,1.3383306854770476,1.329340388179137,0.008990297297910566,-2.0462259464528465,1.727407155298873,0.9074580000001387,176606182879869.62,14.247005903905228,6.0,ok
20,5,1e-14,1,1.5,1.338070429694169,1.329340388179137,0.008730041515031983,-2.058983691035961,1.7308656702154666,0.977374999999947,482149240407062.6,14.683181486896933,7.0,ok
20,6,1e-14,1,1.5,1.3377074387893892,1.329340388179137,0.008367050610252225,-2.0774276040647486,1.7354791905593063,1.7255830000000305,1034680022180348.1,15.014806063718737,8.0,ok
20,7,1e-14,1,1.5,1.3374459693370186,1.329340388179137,0.008105581157881625,-2.091215841443132,1.740242712614784,2.4716670000000107,4343216849829537.5,15.637811513528309,9.0,ok
20,8,1e-14,1,1.5,1.337120478515717,1.329340388179137,0.007780090336579892,-2.1090153602788986,1.7443917051020672,30.871250000000128,1.835486060373345e+16,16.263751090596518,10.0,ok
24,1,1e-14,1,1.5,1.339285710736824,1.329340388179137,0.009945322557686875,-2.00238112679276,1.714288479481695,2.016624999999994,1076565384127.1853,12.032040411403651,3.0,ok
24,2,1e-14,1,1.5,1.3389969353663944,1.329340388179137,0.009656547187257392,-2.015178132961102,1.718168767332092,1.7041250000000563,68380363744514.69,13.83493140666554,4.0,ok
24,3,1e-14,1,1.5,1.3389091361475174,1.329340388179137,0.009568747968380364,-2.01914488416629,1.7194976516179952,5.606458000000147,109152238235167.84,14.038032645617456,5.0,ok
24,4,1e-14,1,1.5,1.3386376306681358,1.329340388179137,0.00929724248899877,-2.0316458417031265,1.7231593470240145,2.562667000000074,175350742100649.16,14.24390760819605,6.0,ok
24,5,1e-14,1,1.5,1.3384630441340895,1.329340388179137,0.00912265595495243,-2.039878703485778,1.725477772873872,2.1272909999998646,445825431035981.56,14.649164838131624,7.0,ok
24,6,1e-14,1,1.5,1.3382272678789013,1.329340388179137,0.008886879699764316,-2.0512506987652452,1.7285421955051299,2.0218329999999174,885052662458688.9,14.946969112883998,8.0,ok
24,7,1e-14,1,1.5,1.3380414581408546,1.329340388179137,0.0087010699617176,-2.060427339347116,1.7316208263138975,2.4141250000000447,3539361613580267.0,15.548924936403989,9.0,ok
24,8,1e-14,1,1.5,1.3378335811642583,1.329340388179137,0.0084931929851213,-2.070929007621221,1.7343223586072662,2.7035839999998146,1.2809334859365162e+16,16.10752657904936,10.0,ok
28,1,1e-14,1,1.5,1.339285705328062,1.329340388179137,0.009945317148924993,-2.0023813629837997,1.714292580989162,2.2364999999999746,787829408294.348,11.89643218822938,3.0,ok
28,2,1e-14,1,1.5,1.3390777648930157,1.329340388179137,0.009737376713878643,-2.0115580279402936,1.7170910930472096,2.6322500000000026,68625407885897.26,13.836484938763329,4.0,ok
28,3,1e-14,1,1.5,1.3390121127246661,1.329340388179137,0.009671724545529115,-2.0144960808466474,1.7180583240932175,2.816624999999906,108656994533435.03,14.036057688222124,5.0,ok
28,4,1e-14,1,1.5,1.3388170461382023,1.329340388179137,0.009476657959065271,-2.0233447940793408,1.7206922815130843,2.5575420000001348,174602616738025.0,14.242050748111641,6.0,ok
28,5,1e-14,1,1.5,1.3386915777929427,1.329340388179137,0.009351189613805655,-2.029133136737366,1.7223596403159114,2.3569169999999584,422778666213718.5,14.626113064303743,7.0,ok
28,6,1e-14,1,1.5,1.3385252804174033,1.329340388179137,0.00918489223826624,-2.036925934687609,1.7245476346656643,2.7542920000001025,798158299460183.5,14.902089033912272,8.0,ok
28,7,1e-14,1,1.5,1.3383871851023184,1.329340388179137,0.009046796923181333,-2.0435051583438106,1.726716536844742,2.987542000000065,3089129711638087.0,15.489836144580485,9.0,ok
28,8,1e-14,1,1.5,1.3382420475410437,1.329340388179137,0.008901659361906678,-2.0505290287992572,1.728624043404491,3.4052089999998536,1.0228808195267644e+16,16.009825035044397,10.0,ok
4,1,1e-12,1,1.5,1.3392857183336284,1.329340388179137,0.009945330154491394,-2.0023807950539947,1.71428536065245,0.5141250000000319,423328276540.16907,11.626677278479246,3.0,ok
4,2,1e-12,1,1.5,1.306913382028992,1.329340388179137,0.022427006150145035,-1.6492286978504906,2.100558226336581,0.2630830000001083,548240323773.9013,11.7389709752904,4.0,ok
4,3,1e-12,0,1.5,,1.329340388179137,,,,,,,,skipped_infeasible
4,4,1e-12,0,1.5,,1.329340388179137,,,,,,,,skipped_infeasible
4,5,1e-12,0,1.5,,1.329340388179137,,,,,,,,skipped_infeasible
4,6,1e-12,0,1.5,,1.329340388179137,,,,,,,,skipped_infeasible
4,7,1e-12,0,1.5,,1.329340388179137,,,,,,,,skipped_infeasible
4,8,1e-12,0,1.5,,1.329340388179137,,,,,,,,skipped_infeasible
6,1,1e-12,1,1.5,1.3392857096673048,1.329340388179137,0.009945321488167735,-2.002381173496754,1.714285818396238,0.4517910000001457,182435229504.05197,11.261108707357797,3.0,ok
6,2,1e-12,1,1.5,1.3323114936738454,1.329340388179137,0.0029711054947083593,-2.5270819274772807,1.8155198713202814,0.43637500000004437,574458829081.3328,11.759258908666586,4.0,ok
6,3,1e-12,1,1.5,1.3298840436773616,1.329340388179137,0.000543655498224549,-3.264676215400915,1.8497387481406828,0.40941700000018955,1287561230749.8506,12.10976789134,5.0,ok
6,4,1e-12,1,1.5,1.3081044437195095,1.329340388179137,0.02123594445962751,-1.6729284191807976,1.9956640502686889,0.42187500000023803,3655765223042.519,12.562978297124403,6.0,ok
6,5,1e-12,0,1.5,,1.329340388179137,,,,,,,,skipped_infeasible
6,6,1e-12,0,1.5,,1.329340388179137,,,,,,,,skipped_infeasible
6,7,1e-12,0,1.5,,1.329340388179137,,,,,,,,skipped_infeasible
6,8,1e-12,0,1.5,,1.329340388179137,,,,,,,,skipped_infeasible
8,1,1e-12,1,1.5,1.3392857132376996,1.329340388179137,0.009945325058562604,-2.002381017583995,1.714286177707075,0.5326249999999533,101003735791.14433,11.004337437183384,3.0,ok
8,2,1e-12,1,1.5,1.335657910784382,1.329340388179137,0.006317522605244985,-2.1994531954206167,1.761418322394428,0.5790829999998692,618214363777.7677,11.791139091372635,4.0,ok
8,3,1e-12,1,1.5,1.3353709698707839,1.329340388179137,0.00603058169164683,-2.219640795108895,1.7767298011985881,0.5476250000002736,1196300952769.1677,12.077840448619995,5.0,ok
8,4,1e-12,1,1.5,1.3312726451529158,1.329340388179137,0.0019322569737787454,-2.713935116599255,1.8285047970047008,0.6915830000000511,2317397798551.9014,12.365000590064138,6.0,ok
8,5,1e-12,1,1.5,1.3280876274252738,1.329340388179137,0.001252760753863269,-2.902131860528466,1.8735298787762207,0.6124590000000651,12484710304287.758,13.096378469417928,7.0,ok
8,6,1e-12,1,1.5,1.3140825590308227,1.329340388179137,0.015257829148314306,-1.816507252486902,1.9202733891014008,0.6756249999999575,154767015740964.78,14.189678408491227,8.0,ok
8,7,1e-12,0,1.5,,1.329340388179137,,,,,,,,skipped_infeasible
8,8,1e-12,0,1.5,,1.329340388179137,,,,,,,,skipped_infeasible
10,1,1e-12,1,1.5,1.3392857124625868,1.329340388179137,0.009945324283449741,-2.002381051431783,1.7142873843359694,0.6396249999998105,63963640857.854416,10.80593317614163,3.0,ok
10,2,1e-12,1,1.5,1.3373272957936437,1.329340388179137,0.00798690761450671,-2.097621339073475,1.7416057772422433,0.6232919999997755,642568517646.8265,11.80791944367551,4.0,ok
10,3,1e-12,1,1.5,1.3366431875620828,1.329340388179137,0.007302799382945757,-2.136510629808552,1.750476563651617,0.6441669999999178,1154895046564.667,12.062542518627403,5.0,ok
10,4,1e-12,1,1.5,1.334299775787167,1.329340388179137,0.0049593876080300525,-2.3045719474761515,1.7782736598932758,0.47099999999966613,1982784907258.134,12.297275604443595,6.0,ok
10,5,1e-12,1,1.5,1.3339116122290706,1.329340388179137,0.004571224049933598,-2.33996749206328,1.7985107384337582,0.7833330000002192,8543425058246.139,12.931632014212491,7.0,ok
10,6,1e-12,1,1.5,1.3315166694861973,1.329340388179137,0.0021762813070602682,-2.662284968253373,1.826535108446626,0.7777080000002101,42357174780396.68,13.62692698500007,8.0,ok
10,7,1e-12,1,1.5,1.327739899001137,1.329340388179137,0.0016004891779999308,-2.795747258071428,1.8772746320351903,0.863750000000163,294911539896239.25,14.469691766838684,9.0,ok
10,8,1e-12,1,1.5,1.3256820705566883,1.329340388179137,0.0036583176224487257,-2.4367185909075926,1.8781511642673425,1.2362499999998278,4.718756814718637e+16,16.673827596171687,10.0,ok
12,1,1e-12,1,1.5,1.3392857080509777,1.329340388179137,0.009945319871840663,-2.002381244078885,1.7142905064048801,0.7955410000000107,44076266481.76999,10.644204800112412,3.0,ok
12,2,1e-12,1,1.5,1.3379386280062886,1.329340388179137,0.008598239827151577,-2.0655904454534917,1.7321338207956913,0.8362500000003159,657019857945.9393,11.817578495992066,4.0,ok
12,3,1e-12,1,1.5,1.3376609637379622,1.329340388179137,0.00832057555882515,-2.0798466312361668,1.7379742318174,0.8580830000002315,1132762658496.7004,12.054138924070864,5.0,ok
12,4,1e-12,1,1.5,1.336335366289382,1.329340388179137,0.006994978110244965,-2.1552136402307234,1.7555422663164342,0.8730839999997464,1867840522691.924,12.271339793161989,6.0,ok
12,5,1e-12,1,1.5,1.3354578074065537,1.329340388179137,0.006117419227416709,-2.213431756233435,1.7674610275613478,6.014707999999924,6910167969822.504,12.839488604173104,7.0,ok
12,6,1e-12,1,1.5,1.3338999633086235,1.329340388179137,0.0045595751294864595,-2.341075623896138,1.7838337041919747,1.012000000000235,23334732372607.723,13.36800282430126,8.0,ok
12,7,1e-12,1,1.5,1.3334225499686139,1.329340388179137,0.004082161789476846,-2.3891097867623774,1.8057253779831328,1.2681249999997313,127970140561899.64,14.107108646976169,9.0,ok
12,8,1e-12,1,1.5,1.3319952124310461,1.329340388179137,0.0026548242519091048,-2.5759642237171305,1.8216805046717048,1.12683399999991,2096802367343835.0,15.321557498268469,10.0,ok
14,1,1e-12,1,1.5,1.339285699024157,1.329340388179137,0.009945310845020039,-2.0023816382643127,1.7142974530807875,1.059832999999788,32188903774.156723,10.507706186597346,3.0,ok
14,2,1e-12,1,1.5,1.3383730751655358,1.329340388179137,0.009032686986398808,-2.04418303930097,1.7268711616511847,0.9055419999999259,666189377991.0127,11.823597703832993,4.0,ok
14,3,1e-12,1,1.5,1.3380520249782768,1.329340388179137,0.008711636799139777,-2.0599002392460255,1.731025582890191,0.9982090000000277,1119273021045.639,12.048936035653446,5.0,ok
14,4,1e-12,1,1.5,1.3371023662235615,1.329340388179137,0.007761978044424467,-2.110027590042124,1.7431950973237516,1.2511249999995755,1817895019770.9954,12.259568799870229,6.0,ok
14,5,1e-12,1,1.5,1.3367420243849344,1.329340388179137,0.007401636205797368,-2.1306722645121074,1.7511800846009775,1.3811669999999054,6023051579569.729,12.779816582351486,7.0,ok
14,6,1e-12,1,1.5,1.3358862391698993,1.329340388179137,0.006545850990762325,-2.184033885160957,1.7620452025337343,1.5306250000000077,16706768779966.22,13.222892462058176,8.0,ok
14,7,1e-12,1,1.5,1.33494938801126,1.329340388179137,0.0056089998321229295,-2.251114572988894,1.7748282208337367,1.416791999999667,81644976556819.25,13.911929468671358,9.0,ok
14,8,1e-12,1,1.5,1.3338183377581148,1.329340388179137,0.004477949578977736,-2.348920800818405,1.7853429155418445,1.3932089999997288,675764910712026.1,14.829795637158053,10.0,ok
16,1,1e-12,1,1.5,1.3392856809368607,1.329340388179137,0.009945292757723712,-2.0023824281059026,1.7143112961297946,0.9428750000002317,24526525452.167915,10.38963602827854,3.0,ok
16,2,1e-12,1,1.5,1.338586079934229,1.329340388179137,0.009245691755092045,-2.034060589731392,1.723651129117732,1.1368329999998927,672330433958.8607,11.827582770634825,4.0,ok
16,3,1e-12,1,1.5,1.338405214602069,1.329340388179137,0.009064826422932049,-2.0426405075402903,1.7267648223306638,1.1626659999999234,1110204746693.2126,12.045403079830884,5.0,ok
16,4,1e-12,1,1.5,1.3377373081458053,1.329340388179137,0.008396919966668248,-2.075879986173469,1.7357147076544386,1.6187500000000021,1791819949331.9207,12.253294367524665,6.0,ok
16,5,1e-12,1,1.5,1.337305072188153,1.329340388179137,0.007964684009015954,-2.0988314497263727,1.7414864286133613,1.405875000000112,5469381233360.757,12.737938196143785,7.0,ok
16,6,1e-12,1,1.5,1.336661621924773,1.329340388179137,0.007321233745635869,-2.1354157271693426,1.7492793531825637,1.001041999999952,13469124813819.787,13.129339377395073,8.0,ok
16,7,1e-12,1,1.5,1.336277867095458,1.329340388179137,0.006937478916321016,-2.158798323730796,1.757855151265591,1.3618339999998952,61391133944331.8,13.788105655227795,9.0,ok
16,8,1e-12,1,1.5,1.3356834215672124,1.329340388179137,0.006343033388075403,-2.1977030025835003,1.765150508658644,1.4296670000000233,360572892824741.1,14.556993074191318,10.0,ok
18,1,1e-12,1,1.5,1.3392856478991852,1.329340388179137,0.009945259720048227,-2.0023838708089317,1.7143366806029807,1.261042000000323,19302709521.32992,10.285618275203085,3.0,ok
18,2,1e-12,1,1.5,1.3387591920722208,1.329340388179137,0.009418803893083805,-2.0260042453616567,1.7215488127279495,1.6766249999999872,676623495560.0332,11.830347074467191,4.0,ok
18,3,1e-12,1,1.5,1.3385729638485822,1.329340388179137,0.009232575669445131,-2.0346771242198702,1.7239726219062859,1.3679589999999742,1103657036492.8103,12.042834136528075,5.0,ok
18,4,1e-12,1,1.5,1.338050126913682,1.329340388179137,0.008709738734544947,-2.0599948722997126,1.7308404844415197,1.301291999999954,1776271200595.4192,12.249509274466368,6.0,ok
18,5,1e-12,1,1.5,1.3378052912126226,1.329340388179137,0.008464903033485571,-2.072378012423722,1.735228277486343,1.5222499999998362,5092923366549.12,12.706967141376406,7.0,ok
18,6,1e-12,1,1.5,1.3373542759790369,1.329340388179137,0.008013887799899866,-2.0961567422908245,1.7411142385261715,1.5273750000002195,11577992154348.969,13.063633250937807,8.0,ok
18,7,1e-12,1,1.5,1.3368927896613911,1.329340388179137,0.007552401482254112,-2.1219149311976766,1.747342969347256,1.5615420000001379,50323952224270.92,13.701774741375804,9.0,ok
18,8,1e-12,1,1.5,1.3364219609429042,1.329340388179137,0.007081572763767197,-2.1498702780771075,1.7527234904384743,1.846291000000111,241990354004849.25,14.38379805488143,10.0,ok
20,1,1e-12,1,1.5,1.3392855911327721,1.329340388179137,0.009945202953635102,-2.002386349719592,1.7143802812784246,1.1774169999996253,15583680160.95271,10.19267002617733,3.0,ok
20,2,1e-12,1,1.5,1.3388575655220805,1.329340388179137,0.00951717734294344,-2.0214918379761158,1.7201177790310398,1.6249159999999208,679729970680.1014,11.83233641927349,4.0,ok
20,3,1e-12,1,1.5,1.3387348608129155,1.329340388179137,0.009394472633778461,-2.027127594346669,1.7220597603640047,1.325374999999962,1098675168061.5742,12.040869308828425,5.0,ok
20,4,1e-12,1,1.5,1.3383305651711763,1.329340388179137,0.0089901769920393,-2.046231758110002,1.7275007308483428,1.710666999999777,1766061869818.4495,12.247005913992448,6.0,ok
20,5,1e-12,1,1.5,1.338070309785268,1.329340388179137,0.008729921606130953,-2.058989656200227,1.7309592346012594,6.278833000000095,4821492504683.624,12.683181495959618,7.0,ok
20,6,1e-12,1,1.5,1.3377073196278462,1.329340388179137,0.008366931448709147,-2.077433789227423,1.7355727353610377,1.1909580000000197,10346800415891.227,13.014806071865337,8.0,ok
20,7,1e-12,1,1.5,1.3374458503219038,1.329340388179137,0.00810546214276675,-2.0912222182822653,1.7403362430590956,6.577166000000023,43432169306857.76,13.637811521613427,9.0,ok
20,8,1e-12,1,1.5,1.3371203601998056,1.329340388179137,0.007779972020668602,-2.1090219648729183,1.7444852163985884,2.1094169999997803,183548609454893.84,14.263751098682805,10.0,ok
24,1,1e-12,1,1.5,1.339285354248786,1.329340388179137,0.009944966069648897,-2.002396694267991,1.714562181078366,2.7014589999998506,10765663690.938099,10.03204080874633,3.0,ok
24,2,1e-12,1,1.5,1.3389965807529756,1.329340388179137,0.00965619257383854,-2.0151940816719462,1.7184424247966414,1.4620000000000744,683803673952.7872,11.834931429852118,4.0,ok
24,3,1e-12,1,1.5,1.3389087819175074,1.329340388179137,0.009568393738370373,-2.0191609618168647,1.7197712950454964,1.1281670000000688,1091522440927.753,12.03803266892368,5.0,ok
24,4,1e-12,1,1.5,1.3386372782669673,1.329340388179137,0.0092968900878303,-2.0316623034425776,1.7234329479718997,1.147166999999616,1753507517481.966,12.24390763209031,6.0,ok
24,5,1e-12,1,1.5,1.3384626925034784,1.329340388179137,0.009122304324341357,-2.039895443586248,1.7257513505628135,1.6475419999997243,4458254550169.078,12.6491648614923,7.0,ok
24,6,1e-12,1,1.5,1.3382269179444277,1.329340388179137,0.008886529765290696,-2.0512678001110776,1.7288157362251864,2.0013340000000213,8850527099105.266,12.946969136168567,8.0,ok
24,7,1e-12,1,1.5,1.338041109007039,1.329340388179137,0.008700720827901964,-2.0604447659317047,1.7318943375234477,2.374249999999911,35393618023740.19,13.54892495956977,9.0,ok
24,8,1e-12,1,1.5,1.3378332332736596,1.329340388179137,0.008492845094522528,-2.0709467971689266,1.734595835414969,2.3472920000000563,128093355414981.55,14.107526602176756,10.0,ok
28,1,1e-12,1,1.5,1.3392848200907155,1.329340388179137,0.009944431911578455,-2.002420021459969,1.7149723592648678,2.450832999999708,7878317015.714114,9.896433452406768,3.0,ok
28,2,1e-12,1,1.5,1.339076882721555,1.329340388179137,0.009736494542417873,-2.0115973752475367,1.7177707922751035,2.1975830000000585,686254535352.3654,11.836485227654137,4.0,ok
28,3,1e-12,1,1.5,1.3390112315169556,1.329340388179137,0.009670843337818535,-2.0145356519779147,1.7187379974301638,5.472040999999983,1086570668655.2761,12.036057977328392,5.0,ok
28,4,1e-12,1,1.5,1.3388161678230297,1.329340388179137,0.009475779643892679,-2.0233850472057293,1.7213718793953254,3.3350420000002323,1746027333548.7444,12.242051038176237,6.0,ok
28,5,1e-12,1,1.5,1.338690701179613,1.329340388179137,0.009350313000475952,-2.0291738509345065,1.7230391952008846,15.753249999999941,4227789478281.6914,12.626113353588824,7.0,ok
28,6,1e-12,1,1.5,1.3385244063533834,1.329340388179137,0.009184018174246411,-2.0369672655202393,1.7252271250966233,10.519416999999809,7981588308128.713,12.902089323032191,8.0,ok
28,7,1e-12,1,1.5,1.3383863128901134,1.329340388179137,0.009045924710976427,-2.0435470311980546,1.7273959731451811,2.2882499999998807,30891317667893.68,13.489836433509941,9.0,ok
28,8,1e-12,1,1.5,1.3382411776332306,1.329340388179137,0.00890078945409356,-2.050571471967296,1.72930342132968,1.8357079999997694,102288149965088.95,14.009825323811231,10.0,ok
4,1,1e-10,1,1.5,1.3392857132459954,1.329340388179137,0.009945325066858413,-2.002381017221732,1.7142866468124647,0.27262499999958223,4233282528.4969826,9.626677254175078,3.0,ok
4,2,1e-10,1,1.5,1.3069134076955728,1.329340388179137,0.022426980483564174,-1.6492291948789723,2.100559571886177,1.235499999999945,5482396100.801324,9.73897040992982,4.0,ok
4,3,1e-10,0,1.5,,1.329340388179137,,,,,,,,skipped_infeasible
4,4,1e-10,0,1.5,,1.329340388179137,,,,,,,,skipped_infeasible
4,5,1e-10,0,1.5,,1.329340388179137,,,,,,,,skipped_infeasible
4,6,1e-10,0,1.5,,1.329340388179137,,,,,,,,skipped_infeasible
4,7,1e-10,0,1.5,,1.329340388179137,,,,,,,,skipped_infeasible
4,8,1e-10,0,1.5,,1.329340388179137,,,,,,,,skipped_infeasible
6,1,1e-10,1,1.5,1.3392857024511668,1.329340388179137,0.009945314272029826,-2.0023814886127624,1.7142947750055817,0.9774170000000915,1824352423.9169397,9.261108738037352,3.0,ok
6,2,1e-10,1,1.5,1.3323114829327238,1.329340388179137,0.0029710947535868115,-2.5270834975387473,1.8155287874253117,0.8179170000000013,5744588692.385073,9.759258939025662,4.0,ok
6,3,1e-10,1,1.5,1.3298840363368187,1.329340388179137,0.0005436481576817087,-3.2646820793695173,1.8497476645201636,2.435832999999832,12875612934.38632,10.10976791248493,5.0,ok
6,4,1e-10,1,1.5,1.308104447595257,1.329340388179137,0.02123594058388001,-1.6729284984433852,1.995672850318494,0.5834579999999256,36557656009.50589,10.5629783420188,6.0,ok
6,5,1e-10,0,1.5,,1.329340388179137,,,,,,,,skipped_infeasible
6,6,1e-10,0,1.5,,1.329340388179137,,,,,,,,skipped_infeasible
6,7,1e-10,0,1.5,,1.329340388179137,,,,,,,,skipped_infeasible
6,8,1e-10,0,1.5,,1.329340388179137,,,,,,,,skipped_infeasible
8,1,1e-10,1,1.5,1.339285653791777,1.329340388179137,0.009945265612639975,-2.00238361348842,1.714332156553311,1.559958999999722,1010037589.4591751,9.00433753674395,3.0,ok
8,2,1e-10,1,1.5,1.3356578547506506,1.329340388179137,0.0063174665715135525,-2.1994570474445516,1.7614642102797298,1.4409579999998812,6182143700.355556,9.791139095768719,4.0,ok
8,3,1e-10,1,1.5,1.335370913635661,1.329340388179137,0.00603052545652405,-2.2196448449201123,1.7767756779846622,0.8420000000000094,11963009636.33268,10.077840452564002,5.0,ok
8,4,1e-10,1,1.5,1.3312725941769854,1.329340388179137,0.0019322059978483797,-2.713946574111169,1.8285505393852817,0.6918750000002305,23173978274.365715,10.365000595477301,6.0,ok
8,5,1e-10,1,1.5,1.3280875769984575,1.329340388179137,0.0012528111806795472,-2.902114379419462,1.8735756147599891,0.6903330000000985,124847104192.68024,11.096378473417644,7.0,ok
8,6,1e-10,1,1.5,1.314082559315974,1.329340388179137,0.01525782886316307,-1.8165072606033652,1.920318790370018,0.6886249999999983,1547670230139.3455,12.189678428900036,8.0,ok
8,7,1e-10,0,1.5,,1.329340388179137,,,,,,,,skipped_infeasible
8,8,1e-10,0,1.5,,1.329340388179137,,,,,,,,skipped_infeasible
10,1,1e-10,1,1.5,1.3392854966636056,1.329340388179137,0.009945108484468612,-2.0023904750886534,1.7144528280622888,0.6737500000002505,639636769.2508541,8.80593342102755,3.0,ok
10,2,1e-10,1,1.5,1.337327087300456,1.329340388179137,0.007986699121318885,-2.097632676205093,1.7417710326405027,0.897875000000159,6425685417.182371,9.807919459944719,4.0,ok
10,3,1e-10,1,1.5,1.3366429804552098,1.329340388179137,0.007302592276072772,-2.136522946543934,1.7506417827470169,0.8918749999997644,11548950885.443632,10.062542534413728,5.0,ok
10,4,1e-10,1,1.5,1.3342995786476026,1.329340388179137,0.004959190468465602,-2.3045892113670754,1.7784386537263799,0.8278750000001445,19827849946.874535,10.297275623593464,6.0,ok
10,5,1e-10,1,1.5,1.3339114158724983,1.329340388179137,0.004571027693361263,-2.339986147549534,1.7986756806201423,0.9017920000000679,85434253518.83829,10.9316320291392,7.0,ok
10,6,1e-10,1,1.5,1.331516487178741,1.329340388179137,0.002176098999604026,-2.662321350700091,1.826699725926928,0.8767500000002038,423571768207.9112,11.62692700592054,8.0,ok
10,7,1e-10,1,1.5,1.3277397198829533,1.329340388179137,0.0016006682961837715,-2.7956986568766675,1.8774391743720378,1.0981249999999498,2949115510646.4634,12.469691783285574,9.0,ok
10,8,1e-10,1,1.5,1.3256820755054928,1.329340388179137,0.0036583126736442484,-2.436719178401668,1.8783155499843807,0.8274159999999142,471875765747422.8,14.673827673735351,10.0,ok
12,1,1e-10,1,1.5,1.339285090044434,1.329340388179137,0.009944701865296945,-2.002408232167219,1.7147650625244741,0.7143749999998228,440763401.73269475,8.644205526212588,3.0,ok
12,2,1e-10,1,1.5,1.337938023918442,1.329340388179137,0.008597635739304943,-2.0656209588190335,1.732608024678243,0.6775839999999533,6570199252.334007,9.817578540469523,4.0,ok
12,3,1e-10,1,1.5,1.3376603618399845,1.329340388179137,0.008319973660847468,-2.0798780485850825,1.7384483531314747,0.8084579999998454,11327627740.032293,10.05413896835538,5.0,ok
12,4,1e-10,1,1.5,1.3363347795551024,1.329340388179137,0.006994391375965359,-2.15525007010133,1.7560160038584003,0.9765000000001578,18678407397.172367,10.271339843622876,6.0,ok
12,5,1e-10,1,1.5,1.335457225766755,1.329340388179137,0.00611683758761794,-2.2134730506020377,1.7679346357068573,0.9823749999999798,69101686489.06273,10.839488646852574,7.0,ok
12,6,1e-10,1,1.5,1.3338994032100306,1.329340388179137,0.004559015030893621,-2.341128975943816,1.7843068727736753,0.8672080000002858,233347349120.17017,11.368002871563487,8.0,ok
12,7,1e-10,1,1.5,1.3334219923491313,1.329340388179137,0.004081604169994257,-2.389169115034616,1.8061983645128177,1.3006250000002773,1279701532171.8694,12.107108689924635,9.0,ok
12,8,1e-10,1,1.5,1.3319946849862818,1.329340388179137,0.002654296807144796,-2.5760505153457647,1.8221528372741866,1.1708749999996826,20968026488094.098,13.321557556566255,10.0,ok
14,1,1e-10,1,1.5,1.3392841855676834,1.329340388179137,0.009943797388546338,-2.0024477333137916,1.715459606702571,1.0873750000000015,321890348.265876,8.50770795476044,3.0,ok
14,2,1e-10,1,1.5,1.3383715848977427,1.329340388179137,0.009031196718605639,-2.0442546977650267,1.728032707724164,1.2085000000001678,6661895378.366277,9.823597808037688,4.0,ok
14,3,1e-10,1,1.5,1.338050541185308,1.329340388179137,0.008710153006171062,-2.0599742159277965,1.7321869701856483,0.9349169999999241,11192732903.75653,10.04893614015746,5.0,ok
14,4,1e-10,1,1.5,1.337100908110944,1.329340388179137,0.007760519931806931,-2.1101091813255146,1.7443558544352604,1.1038340000002478,18178954958.741005,10.259568913611078,6.0,ok
14,5,1e-10,1,1.5,1.3367405726238164,1.329340388179137,0.007400184444679381,-2.1307574556327804,1.7523405855612357,1.1552080000001297,60230530001.304085,10.779816684781556,7.0,ok
14,6,1e-10,1,1.5,1.335884813935985,1.329340388179137,0.0065444257568478825,-2.1841284547776034,1.7632050579420846,1.2144169999999122,167067728697.553,11.222892568372727,8.0,ok
14,7,1e-10,1,1.5,1.3349479762804206,1.329340388179137,0.005607588101283589,-2.251223894454626,1.7759877292198065,1.2279579999998624,816449956278.5226,11.911929570115976,9.0,ok
14,8,1e-10,1,1.5,1.3338169693772557,1.329340388179137,0.004476581198118668,-2.349053533683064,1.7865016395665954,1.3595419999998803,6757650840851.45,12.829795748579906,10.0,ok
16,1,1e-10,1,1.5,1.3392823828330847,1.329340388179137,0.009941994653947628,-2.0025264747276643,1.7168439088417058,0.9750420000003146,245267434.46850446,8.389639888322522,3.0,ok
16,2,1e-10,1,1.5,1.3385828204847616,1.329340388179137,0.009242432305624604,-2.034213721647618,1.72618275864903,1.093875000000022,6723307779.211096,9.827582992818531,4.0,ok
16,3,1e-10,1,1.5,1.3384019636877225,1.329340388179137,0.00906157550858544,-2.0427962862968627,1.7292961766064263,1.194917000000295,11102053177.484854,10.045403303218588,5.0,ok
16,4,1e-10,1,1.5,1.3377340959836248,1.329340388179137,0.008393707804487782,-2.076046153197834,1.738245071207499,1.1707089999997145,17918209293.039753,10.253294605046486,6.0,ok
16,5,1e-10,1,1.5,1.3373018778269927,1.329340388179137,0.007961489647855702,-2.0990056652628346,1.744016342605245,1.511417000000126,54693840181.03064,10.73793841726531,7.0,ok
16,6,1e-10,1,1.5,1.336658468487592,1.329340388179137,0.007318080308454933,-2.135602828885015,1.7518083147459171,1.711166999999847,134691317644.06454,11.129339601507679,8.0,ok
16,7,1e-10,1,1.5,1.3362747282805063,1.329340388179137,0.006934340101369285,-2.15899486176734,1.760383518595935,1.5832080000000026,613911648358.9128,11.788105873761475,9.0,ok
16,8,1e-10,1,1.5,1.3356803265951014,1.329340388179137,0.0063399384159643635,-2.1979149606887325,1.7676778396966533,1.6973329999996345,3605730808690.3223,12.556993300682489,10.0,ok
18,1,1e-10,1,1.5,1.3392790771417833,1.329340388179137,0.00993868896264627,-2.0026709006973116,1.7193823369030112,1.2943750000000698,193031546.36004898,8.285628289787729,3.0,ok
18,2,1e-10,1,1.5,1.3387526793228843,1.329340388179137,0.009412291143747309,-2.0263046475640887,1.7265929567405687,1.4386250000000267,6766277945.737449,9.83034983380383,4.0,ok
18,3,1e-10,1,1.5,1.3385664690413372,1.329340388179137,0.009226080862200225,-2.0349827433269874,1.7290163220491541,1.5569170000002686,11036640554.26986,10.042836898504476,5.0,ok
18,4,1e-10,1,1.5,1.3380436917493481,1.329340388179137,0.008703303570211096,-2.060315868072726,1.7358826884785272,1.5056669999999883,17762825832.347057,10.249512057488234,6.0,ok
18,5,1e-10,1,1.5,1.3377988779119359,1.329340388179137,0.008458489732798835,-2.072707173516989,1.7402697519182158,1.429207999999793,50929557336.78074,10.70696990144559,7.0,ok
18,6,1e-10,1,1.5,1.3373479180105554,1.329340388179137,0.008007529831418392,-2.0965014347314197,1.7461543309353134,1.6061670000002692,115780657757.32289,11.063636012492525,8.0,ok
18,7,1e-10,1,1.5,1.3368864688788709,1.329340388179137,0.007546080699733837,-2.1222785546529543,1.7523821128327262,1.9500830000001024,503242714686.22327,11.70177749643804,9.0,ok
18,8,1e-10,1,1.5,1.3364157041061282,1.329340388179137,0.007075315926991177,-2.1502541632544623,1.7577612250640982,1.8344580000002608,2419918926210.8193,12.383800816191558,10.0,ok
20,1,1e-10,1,1.5,1.3392733992413741,1.329340388179137,0.009933011062237096,-2.0029190808611137,1.7237423866568755,1.4175000000000715,155844203.53567442,8.19269065377817,3.0,ok
20,2,1e-10,1,1.5,1.3388454610508966,1.329340388179137,0.009505072871759612,-2.0220445492160266,1.7294776524057853,1.6568750000001131,6797411756.77072,9.832343578334374,4.0,ok
20,3,1e-10,1,1.5,1.3387227790990492,1.329340388179137,0.00938239091991222,-2.027686476012198,1.7314189557829283,6.746458999999927,10986932911.812428,10.0408764726437,5.0,ok
20,4,1e-10,1,1.5,1.3383185684559198,1.329340388179137,0.008978180276782766,-2.0468116784592127,1.7368577453162808,6.4789999999996795,17660911254.04269,10.247013108210536,6.0,ok
20,5,1e-10,1,1.5,1.3380583574366929,1.329340388179137,0.008717969257555858,-2.059584666781674,1.7403151304410858,23.669416000000165,48215720294.689384,10.683188659071575,7.0,ok
20,6,1e-10,1,1.5,1.3376954478752126,1.329340388179137,0.008355059696075529,-2.0780504427683666,1.744926669859769,2.0320410000000955,103469710567.33653,11.014813234250052,8.0,ok
20,7,1e-10,1,1.5,1.3374340210621227,1.329340388179137,0.008093632882985702,-2.091856498549517,1.7496887386947277,2.200124999999886,434328848271.18134,11.637818676308807,9.0,ok
20,8,1e-10,1,1.5,1.3371086093581086,1.329340388179137,0.007768221178971579,-2.1096784175697505,1.7538357946529024,7.555707999999939,1835516349921.1165,12.263758257349346,10.0,ok
24,1,1e-10,1,1.5,1.339249711952898,1.329340388179137,0.00990932377376108,-2.003955981371886,1.7419321283850293,1.4463749999999997,107672278.37144697,8.032103902926387,3.0,ok
24,2,1e-10,1,1.5,1.3389611108926762,1.329340388179137,0.009620722713539198,-2.0167923023163743,1.745807960304524,1.7957090000000342,6838409804.089836,9.834955123123637,4.0,ok
24,3,1e-10,1,1.5,1.3388733611475403,1.329340388179137,0.009532972968403275,-2.0207716384569108,1.7471354272731043,2.0792080000000546,10915820206.311241,10.038056373823624,5.0,ok
24,4,1e-10,1,1.5,1.3386020227640836,1.329340388179137,0.009261634584946554,-2.033312357964449,1.7507928336241385,1.78300000000009,17536034666.691944,10.24393139535458,6.0,ok
24,5,1e-10,1,1.5,1.3384275291773329,1.329340388179137,0.009087140998195853,-2.041572733280887,1.7531089109992595,2.00749999999994,44584979570.535034,10.649188571978085,7.0,ok
24,6,1e-10,1,1.5,1.3381919034274556,1.329340388179137,0.00885151524831862,-2.0529823781547316,1.7561696010224503,2.153958000000067,88510101518.66255,10.946992838872536,8.0,ok
24,7,1e-10,1,1.5,1.3380061894863833,1.329340388179137,0.008665801307246257,-2.062191272854817,1.7592452521055835,1.6999169999998287,353955488266.4046,11.548948650681922,9.0,ok
24,8,1e-10,1,1.5,1.3377984520462856,1.329340388179137,0.008458063867148535,-2.072729039803275,1.7619433110320262,2.1863749999999627,1281003420178.899,12.10755028927852,10.0,ok
28,1,1e-10,1,1.5,1.3391963012821042,1.329340388179137,0.009855913102967184,-2.00630313422472,1.7829485638835643,2.1988749999999335,78811756.21787292,7.896591005303387,3.0,ok
28,2,1e-10,1,1.5,1.3389886722991509,1.329340388179137,0.00964828412001384,-2.015549916031309,1.785739098244106,2.448958000000001,6863488252.854209,9.836544894705616,4.0,ok
28,3,1e-10,1,1.5,1.3389231139226536,1.329340388179137,0.009582725743516596,-2.0185109411308706,1.7867037162210846,2.242084000000144,10867200195.848324,10.036117667718662,5.0,ok
28,4,1e-10,1,1.5,1.338728343503493,1.329340388179137,0.009387955324355879,-2.027428985800318,1.789330058639174,2.4200840000001556,17462677407.248474,10.2421108312395,6.0,ok
28,5,1e-10,1,1.5,1.3386030470021677,1.329340388179137,0.009262658823030678,-2.03326433227853,1.79099307779969,2.7742079999999447,42283707867.68456,10.626173063684321,7.0,ok
28,6,1e-10,1,1.5,1.3384370087349227,1.329340388179137,0.00909662055578564,-2.041119920488235,1.7931745674782975,2.5857090000003247,79826854065.98868,10.902149014292934,8.0,ok
28,7,1e-10,1,1.5,1.338299098264878,1.329340388179137,0.008958710085740895,-2.047754517455412,1.7953380062465998,23.045500000000274,308955624390.63477,11.489896105747661,9.0,ok
28,8,1e-10,1,1.5,1.338154195365164,1.329340388179137,0.008813807186026867,-2.0548364545023534,1.7972396217615565,8.39587499999972,1023022008580.0157,12.00988497692041,10.0,ok
4,1,1e-08,1,1.5,1.3392855915075812,1.329340388179137,0.009945203328444174,-2.0023863333521525,1.7143791865466909,0.36637500000002987,42332839.08372301,7.626677395737126,3.0,ok
4,2,1e-08,1,1.5,1.3069133663752297,1.329340388179137,0.02242702180390732,-1.6492283947186253,2.100650245066058,0.2990000000000492,54823974.43017114,7.738970516255016,4.0,ok
4,3,1e-08,0,1.5,,1.329340388179137,,,,,,,,skipped_infeasible
4,4,1e-08,0,1.5,,1.329340388179137,,,,,,,,skipped_infeasible
4,5,1e-08,0,1.5,,1.329340388179137,,,,,,,,skipped_infeasible
4,6,1e-08,0,1.5,,1.329340388179137,,,,,,,,skipped_infeasible
4,7,1e-08,0,1.5,,1.329340388179137,,,,,,,,skipped_infeasible
4,8,1e-08,0,1.5,,1.329340388179137,,,,,,,,skipped_infeasible
6,1,1e-08,1,1.5,1.3392845349782465,1.329340388179137,0.009944146799109488,-2.0024324731060923,1.7151917990649905,0.4218339999999543,18243581.651767403,7.261110104765345,3.0,ok
6,2,1e-08,1,1.5,1.3323104552384017,1.329340388179137,0.002970067059264725,-2.527233744911795,1.8164219442476346,0.4204590000003172,57445906.969569094,7.759259090572514,4.0,ok
6,3,1e-08,1,1.5,1.3298830065504628,1.329340388179137,0.0005426183713257426,-3.265505506500834,1.8506409051020205,0.5530000000000257,128756159.17881602,8.109768013118227,5.0,ok
6,4,1e-08,1,1.5,1.3081042825001583,1.329340388179137,0.02123610567897871,-1.6729251221101653,1.9965546590763361,0.4027500000001183,365576912.4281787,8.562978760580252,6.0,ok
6,5,1e-08,0,1.5,,1.329340388179137,,,,,,,,skipped_infeasible
6,6,1e-08,0,1.5,,1.329340388179137,,,,,,,,skipped_infeasible
6,7,1e-08,0,1.5,,1.329340388179137,,,,,,,,skipped_infeasible
6,8,1e-08,0,1.5,,1.329340388179137,,,,,,,,skipped_infeasible
8,1,1e-08,1,1.5,1.339279665788005,1.329340388179137,0.009939277608868036,-2.00264517917242,1.7189299269616234,0.502540999999912,10100538.904317945,7.0043445457557,3.0,ok
8,2,1e-08,1,1.5,1.3356522319595414,1.329340388179137,0.006311843780404391,-2.1998437585546444,1.7660529160183043,0.49512500000004067,61821511.081583664,7.791139616165221,4.0,ok
8,3,1e-08,1,1.5,1.3353653046080542,1.329340388179137,0.006024916428917226,-2.220048972771652,1.7813632831996151,0.5601669999997227,119630224.91817601,8.077840919257863,5.0,ok
8,4,1e-08,1,1.5,1.331267535752305,1.329340388179137,0.00192714757316792,-2.7150850275559857,1.8331247418629646,4.20058400000034,231740155.21051127,8.365001293502335,6.0,ok
8,5,1e-08,1,1.5,1.3280825461882495,1.329340388179137,0.0012578419908875205,-2.9003739111925073,1.8781492051530255,0.8957499999997509,1248472349.8907669,9.09637892840716,7.0,ok
8,6,1e-08,1,1.5,1.3140825672590635,1.329340388179137,0.01525782092007355,-1.816507486693255,1.924858958735532,1.2395839999999048,15476780074.6604,10.18968061130396,8.0,ok
8,7,1e-08,0,1.5,,1.329340388179137,,,,,,,,skipped_infeasible
8,8,1e-08,0,1.5,,1.329340388179137,,,,,,,,skipped_infeasible
10,1,1e-08,1,1.5,1.339263952395285,1.329340388179137,0.009923564216147929,-2.0033323156087914,1.7309969949689274,0.39595799999991854,6396739.133873836,6.805958640067386,3.0,ok
10,2,1e-08,1,1.5,1.337306252451828,1.329340388179137,0.00796586427269097,-2.098767097640917,1.758296374928708,0.8932090000000059,64257096.0262393,7.8079210945694095,4.0,ok
10,3,1e-08,1,1.5,1.3366222943383241,1.329340388179137,0.007281906159187113,-2.137754922052695,1.7671634966137486,0.8747499999999242,115489930.7939348,8.062544121100371,5.0,ok
10,4,1e-08,1,1.5,1.3342798785907568,1.329340388179137,0.004939490411619785,-2.306317853270099,1.794937851401541,0.7808749999997922,198279382.8020485,8.29727755837674,6.0,ok
10,5,1e-08,1,1.5,1.3338917807756836,1.329340388179137,0.004551392596546577,-2.341855701263563,1.8151697173367456,0.8462499999999373,854345485.4941365,8.931633528888122,7.0,ok
10,6,1e-08,1,1.5,1.3314982854360853,1.329340388179137,0.00215789725694826,-2.6659692370408106,1.8431613078578863,0.8234579999997216,4235738202.951187,9.626929109951211,8.0,ok
10,7,1e-08,1,1.5,1.3277218256889105,1.329340388179137,0.001618562490226516,-2.790870528490854,1.89389325092741,0.8814580000002792,29491267393.27724,10.469693436847468,9.0,ok
10,8,1e-08,1,1.5,1.3256825803716625,1.329340388179137,0.003657807807474489,-2.436779117434258,1.8947540362647035,1.1004999999997267,4718842016297.72,12.673835437695004,10.0,ok
12,1,1e-08,1,1.5,1.3392232931328105,1.329340388179137,0.0098829049536735,-2.0051153813318026,1.7622197355877804,0.8148750000001037,4408672.929077423,6.644307880553299,3.0,ok
12,2,1e-08,1,1.5,1.3378776216530492,1.329340388179137,0.00853723347391222,-2.068682841449915,1.7800274907374662,1.0187919999999906,65707199.3386927,7.817612956496972,4.0,ok
12,3,1e-08,1,1.5,1.3376001740258205,1.329340388179137,0.00825978584668352,-2.0830312125838923,1.7858595649337248,0.8574999999999555,113285248.32984409,8.054173361001512,5.0,ok
12,4,1e-08,1,1.5,1.336276105364169,1.329340388179137,0.006935717185031942,-2.1589086242233377,1.8033888588068723,0.726916999999716,186799112.63717833,8.27137480884433,6.0,ok
12,5,1e-08,1,1.5,1.3353990597778866,1.329340388179137,0.006058671598749621,-2.217622587149641,1.8152945536959586,0.943750000000243,691071344.9836426,8.839522885483095,7.0,ok
12,6,1e-08,1,1.5,1.3338433958715408,1.329340388179137,0.004503007692403749,-2.3464973111392995,1.8316228635700436,1.0137499999998134,2333659943.458166,9.368037571743928,8.0,ok
12,7,1e-08,1,1.5,1.3333662326904168,1.329340388179137,0.004025844511279741,-2.3951430027204,1.8534961521151032,1.4347090000002005,12798024858.944674,10.10714294940957,9.0,ok
12,8,1e-08,1,1.5,1.3319419394650323,1.329340388179137,0.0026015512858952317,-2.584767608183568,1.8693852997518046,1.2220419999997567,209697551359.0583,11.32159335923283,10.0,ok
14,1,1e-08,1,1.5,1.3391328616211782,1.329340388179137,0.00979247344204115,-2.0091075976193222,1.8316701363203969,1.0159999999999059,3220873.874015835,6.507973718644151,3.0,ok
14,2,1e-08,1,1.5,1.33822257795719,1.329340388179137,0.008882189778052885,-2.051479951869317,1.8441825633752602,0.8276250000003316,66634152.848591305,7.8236968807005915,4.0,ok
14,3,1e-08,1,1.5,1.3379021809132985,1.329340388179137,0.008561792734161466,-2.0674352898746946,1.8483209654308694,0.9535419999999739,111952872.73920791,8.04903524216497,5.0,ok
14,4,1e-08,1,1.5,1.3369551167957052,1.329340388179137,0.0076147286165682004,-2.1183455699940072,1.860426920340085,0.8969170000003857,181831421.20488533,8.25966893321368,6.0,ok
14,5,1e-08,1,1.5,1.3365954167558058,1.329340388179137,0.0072550285766688205,-2.1393608725901134,1.868386060622947,1.0801670000000207,602442469.9496375,8.7799155804148,7.0,ok
14,6,1e-08,1,1.5,1.3357423047566148,1.329340388179137,0.006401916577477795,-2.1936899893885613,1.8791860809251097,1.1943749999998587,1671059269.341743,9.222991853778238,8.0,ok
14,7,1e-08,1,1.5,1.3348068213814535,1.329340388179137,0.005466433202316434,-2.2622959544361407,1.8919340788912122,1.3014590000000048,8166357110.275967,9.912028367459525,9.0,ok
14,8,1e-08,1,1.5,1.3336801476561424,1.329340388179137,0.004339759477005378,-2.3625343397741183,1.9023697076871329,1.213624999999663,67592038618.8477,10.82989554523865,10.0,ok
16,1,1e-08,1,1.5,1.3389526601458681,1.329340388179137,0.00961227196673109,-2.017173949896891,1.9700822842688792,1.208208999999627,2455986.0305160726,6.390225892238251,3.0,ok
16,2,1e-08,1,1.5,1.3382569609862003,1.329340388179137,0.008916572807063261,-2.0498020399051113,1.979323099077155,1.1143329999998564,67267517.70139429,7.827805401690864,4.0,ok
16,3,1e-08,1,1.5,1.338076959251847,1.329340388179137,0.008736571072710086,-2.058658985717546,1.9824090595908692,1.503583000000308,111077432.66891977,8.045625833352199,5.0,ok
16,4,1e-08,1,1.5,1.3374129634593972,1.329340388179137,0.008072575280260175,-2.0929878963078092,1.9912591797939578,1.2575839999997562,179274512.93069062,8.253518551244593,6.0,ok
16,5,1e-08,1,1.5,1.336982524218506,1.329340388179137,0.00764213603936903,-2.1167852356058106,1.9969855949212931,1.3942499999997082,547218436.7772231,8.738160721123839,7.0,ok
16,6,1e-08,1,1.5,1.3363432051053559,1.329340388179137,0.007002816926218847,-2.154727227210799,2.0046826370103874,1.3556249999999714,1347603719.6435616,9.129562201046426,8.0,ok
16,7,1e-08,1,1.5,1.3359609264000762,1.329340388179137,0.0066205382209392205,-2.1791067028741358,2.0131985372294663,1.4752919999998504,6142256030.70156,9.788327915396435,9.0,ok
16,8,1e-08,1,1.5,1.3353709067288717,1.329340388179137,0.006030518549734687,-2.219645342319924,2.020389619786488,1.617374999999921,36075813928.39713,10.557216138258225,10.0,ok
18,1,1e-08,1,1.5,1.3386223616002826,1.329340388179137,0.009281973421145562,-2.0323596795138803,2.223857163147605,1.1295829999999896,1935513.74053089,6.286796258793988,3.0,ok
18,2,1e-08,1,1.5,1.338101759396052,1.329340388179137,0.008761371216915004,-2.0574279183369057,2.2309174217152643,1.3117079999998005,67731906.41247067,7.830793299624733,4.0,ok
18,3,1e-08,1,1.5,1.3379173413975212,1.329340388179137,0.008576953218384142,-2.066666958705493,2.233296626363053,1.3516250000003005,110479227.6416504,8.043280629436055,5.0,ok
18,4,1e-08,1,1.5,1.337400523388969,1.329340388179137,0.008060135209831953,-2.0936576727865486,2.2400142689800124,2.7473339999999347,177810702.04455516,8.249957896673683,6.0,ok
18,5,1e-08,1,1.5,1.3371578944552878,1.329340388179137,0.007817506276150743,-2.106931761419018,2.244328714200751,2.1884999999999266,509815977.70384413,8.707413442196168,7.0,ok
18,6,1e-08,1,1.5,1.3367124623842574,1.329340388179137,0.007372074205120427,-2.132410301951046,2.2500759663211287,1.4657090000000927,1158990031.8880534,9.064079700748213,8.0,ok
18,7,1e-08,1,1.5,1.336254728723729,1.329340388179137,0.006914340544591946,-2.1602492344269693,2.256209269070716,1.8580840000002041,5037563529.44134,9.702220536134146,9.0,ok
18,8,1e-08,1,1.5,1.335790351382902,1.329340388179137,0.006449963203764897,-2.190442762953483,2.2614484804455772,2.0768750000002,24223923111.01129,10.384244479331022,10.0,ok
20,1,1e-08,1,1.5,1.338055454540808,1.329340388179137,0.008715066361671076,-2.059729301566285,2.6596404398554188,1.60970799999971,1566228.4382629222,6.194855105258143,3.0,ok
20,2,1e-08,1,1.5,1.337636242853745,1.329340388179137,0.008295854674607916,-2.08113886445034,2.6651548793270066,1.2519579999996644,68102725.15215372,7.833164490691977,4.0,ok
20,3,1e-08,1,1.5,1.3375158322633538,1.329340388179137,0.008175444084216776,-2.087488647464416,2.6670290432422807,1.739167000000208,110077323.25380369,8.04169786029699,5.0,ok
20,4,1e-08,1,1.5,1.3371201066047849,1.329340388179137,0.007779718425647841,-2.109036121313696,2.6722521177459475,1.744458999999754,176944690.44877467,8.247837535363503,6.0,ok
20,5,1e-08,1,1.5,1.3368643246591687,1.329340388179137,0.00752393648003169,-2.1235548795873918,2.6755986531760403,1.6958339999999517,483069899.21705663,8.684009976813345,7.0,ok
20,6,1e-08,1,1.5,1.3365094608936623,1.329340388179137,0.007169072714525271,-2.1445370146262492,2.6800163128267287,4.281499999999827,1036655554.8229375,9.01563447915771,8.0,ok
20,7,1e-08,1,1.5,1.3362522749615144,1.329340388179137,0.006911886782377419,-2.160403384272138,2.6846357239360996,1.6709580000000557,4351501653.886803,9.638639152921835,9.0,ok
20,8,1e-08,1,1.5,1.3359346916359307,1.329340388179137,0.006594303456793682,-2.1808310713605037,2.6885934174882604,1.8634589999999562,18389889961.39152,10.264579130581012,10.0,ok
24,1,1e-08,1,1.5,1.3356960987064705,1.329340388179137,0.006355710527333525,-2.196835891081487,4.476261111571416,1.771583000000021,1092443.7278097442,6.038399075545319,3.0,ok
24,2,1e-08,1,1.5,1.335424652156473,1.329340388179137,0.006084263977335969,-2.215791951520206,4.479709443267137,1.9573330000000055,68760368.78241183,7.837338197272388,4.0,ok
24,3,1e-08,1,1.5,1.3353417845763236,1.329340388179137,0.006001396397186554,-2.221747686777445,4.480900660327879,1.883583000000133,109759117.86366919,8.040440607942848,5.0,ok
24,4,1e-08,1,1.5,1.3350868878708866,1.329340388179137,0.0057464996917495625,-2.2405966122574155,4.4841468020069035,1.8822499999999742,176328069.11875644,8.246321451794904,6.0,ok
24,5,1e-08,1,1.5,1.33492156499136,1.329340388179137,0.005581176812222921,-2.253274218774076,4.486236816367174,2.0712079999998245,448304773.0080189,8.651573362733759,7.0,ok
24,6,1e-08,1,1.5,1.334700745481475,1.329340388179137,0.00536035730233797,-2.2708062608180604,4.48894000481997,2.4397079999998184,889973046.8551012,8.949376854083843,8.0,ok
24,7,1e-08,1,1.5,1.3345244776008829,1.329340388179137,0.005184089421745863,-2.2853275158111037,4.491728509380348,2.328292000000065,3559028852.7320156,9.551331508805056,9.0,ok
24,8,1e-08,1,1.5,1.3343305004161556,1.329340388179137,0.004990112237018618,-2.301889686166254,4.494094450908122,2.467541999999767,12880500780.695837,10.109932748277284,10.0,ok
28,1,1e-08,1,1.5,1.33040962482589,1.329340388179137,0.001069236646753069,-2.970926164758474,8.564194251504764,2.490290999999978,816670.2005822877,5.912046708938829,3.0,ok
28,2,1e-08,1,1.5,1.3302324407262476,1.329340388179137,0.0008920525471105556,-3.0496095623862107,8.566255353598056,2.3421250000001947,69563643.29706825,7.842382319483313,4.0,ok
28,3,1e-08,1,1.5,1.3301760412485186,1.329340388179137,0.0008356530693816033,-3.077973987303825,8.566980131919179,2.4923329999997357,110143129.31803824,8.04195741122507,5.0,ok
28,4,1e-08,1,1.5,1.330010224865593,1.329340388179137,0.0006698366864559269,-3.174031070159768,8.568910908663367,3.071874999999835,176994911.16839206,8.24796078001572,6.0,ok
28,5,1e-08,1,1.5,1.3299017278183414,1.329340388179137,0.0005613396392043501,-3.250774288833459,8.570174597961236,3.018749999999848,428563089.50676847,8.632014764200404,7.0,ok
28,6,1e-08,1,1.5,1.3297610244659586,1.329340388179137,0.00042063628682154075,-3.3760932649673454,8.571763180313635,2.512124999999976,809075117.677113,8.907988845071092,8.0,ok
28,7,1e-08,1,1.5,1.3296411639250136,1.329340388179137,0.0003007757458766136,-3.5217571875506053,8.573422794919153,32.79454199999998,3131367523.8427076,9.495734043091105,9.0,ok
28,8,1e-08,1,1.5,1.3295192070650583,1.329340388179137,0.0001788188859213058,-3.7475866151918655,8.574789033865361,2.439916000000153,10368621380.26548,10.015721016105031,10.0,ok
4,1,1e-06,1,1.5,1.339273436977834,1.329340388179137,0.009933048798697053,-2.0029174309379343,1.7236329121047407,0.3944170000003133,423341.9750541526,5.626691331622184,3.0,ok
4,2,1e-06,1,1.5,1.3069092629589412,1.329340388179137,0.022431125220195858,-1.6491489402081625,2.109717240941512,0.40758399999996087,548253.095511015,5.738981092441776,4.0,ok
4,3,1e-06,0,1.5,,1.329340388179137,,,,,,,,skipped_infeasible
4,4,1e-06,0,1.5,,1.329340388179137,,,,,,,,skipped_infeasible
4,5,1e-06,0,1.5,,1.329340388179137,,,,,,,,skipped_infeasible
4,6,1e-06,0,1.5,,1.329340388179137,,,,,,,,skipped_infeasible
4,7,1e-06,0,1.5,,1.329340388179137,,,,,,,,skipped_infeasible
4,8,1e-06,0,1.5,,1.329340388179137,,,,,,,,skipped_infeasible
6,1,1e-06,1,1.5,1.3391677949476752,1.329340388179137,0.009827406768538216,-2.0075610675894255,1.80489132089315,0.25283400000031264,182493.2657806615,5.261246843103402,3.0,ok
6,2,1e-06,1,1.5,1.3322076853441442,1.329340388179137,0.002867297165007221,-2.542527294693935,1.9057351448140991,0.24812500000015447,574479.0741463457,5.759274213793168,4.0,ok
6,3,1e-06,1,1.5,1.3297800350539302,1.329340388179137,0.00043964687479314257,-3.356896009654563,1.9399624869571794,0.25758399999986636,1287591.4047136342,6.109778068900576,5.0,ok
6,4,1e-06,1,1.5,1.3080877627154883,1.329340388179137,0.0212526254636487,-1.6725874113104788,2.0847353773082324,0.2995000000001191,3656121.1790996785,6.563020581630218,6.0,ok
6,5,1e-06,0,1.5,,1.329340388179137,,,,,,,,skipped_infeasible
6,6,1e-06,0,1.5,,1.329340388179137,,,,,,,,skipped_infeasible
6,7,1e-06,0,1.5,,1.329340388179137,,,,,,,,skipped_infeasible
6,8,1e-06,0,1.5,,1.329340388179137,,,,,,,,skipped_infeasible
8,1,1e-06,1,1.5,1.338681164850936,1.329340388179137,0.009340776671799,-2.02961701132312,2.178631572932421,0.6312090000002435,101245.69619160275,5.005376571047552,3.0,ok
8,2,1e-06,1,1.5,1.3350902221517054,1.329340388179137,0.005749833972568341,-2.2403446954561823,2.2248528490092503,5.14404199999996,618761.5048758108,5.791523287024661,4.0,ok
8,3,1e-06,1,1.5,1.3348046689908404,1.329340388179137,0.005464280811703359,-2.2624669901758083,2.2400534390113522,0.42354099999997175,1197344.7621160457,6.078219218682268,5.0,ok
8,4,1e-06,1,1.5,1.330761915924207,1.329340388179137,0.0014215277450699837,-2.8472446594253835,2.2904838044993308,0.41529200000001154,2319544.56006769,6.365402720034613,6.0,ok
8,5,1e-06,1,1.5,1.327579684063807,1.329340388179137,0.0017607041153300251,-2.7543136206801324,2.335447205329507,1.2937500000003155,12495569.664383844,7.096756060099036,7.0,ok
8,6,1e-06,1,1.5,1.314083362465548,1.329340388179137,0.015257025713589112,-1.8165301218250902,2.378875801772234,0.7303329999999164,154963868.77636492,8.190230450297872,8.0,ok
8,7,1e-06,0,1.5,,1.329340388179137,,,,,,,,skipped_infeasible
8,8,1e-06,0,1.5,,1.329340388179137,,,,,,,,skipped_infeasible
10,1,1e-06,1,1.5,1.3371134092203496,1.329340388179137,0.00777302104121258,-2.109410156677615,3.384438597120432,0.6333750000000471,64531.70752027256,4.809773156767144,3.0,ok
10,2,1e-06,1,1.5,1.3352264284904019,1.329340388179137,0.0058860403112648285,-2.230176767907505,3.409890889730776,0.69549999999996,644744.0305028115,5.809387329822475,4.0,ok
10,3,1e-06,1,1.5,1.3345572973685016,1.329340388179137,0.005216909189364571,-2.2825867229673156,3.41839959212213,0.6659999999998334,1158792.1916250272,6.0640055601030145,5.0,ok
10,4,1e-06,1,1.5,1.332313211520149,1.329340388179137,0.0029728233410120097,-2.526830897826077,3.443971137109097,0.7349579999997857,1989636.6188192372,6.298773765428737,6.0,ok
10,5,1e-06,1,1.5,1.3319315757110382,1.329340388179137,0.002591187531901129,-2.5865011547013244,3.463691420220779,0.7685410000002335,8572081.362568278,6.933086284528767,7.0,ok
10,6,1e-06,1,1.5,1.3296809896522694,1.329340388179137,0.00034060147313241806,-3.4677534780061343,3.4885357923723475,0.9082920000000883,42505217.503411464,7.628442242847109,8.0,ok
10,7,1e-06,1,1.5,1.3259351803359354,1.329340388179137,0.003405207843201641,-2.4678563749697666,3.538522111499557,1.4666249999999437,295911319.0991218,8.471161577963162,9.0,ok
10,8,1e-06,1,1.5,1.325733034960398,1.329340388179137,0.0036073532187390622,-2.4428113310836865,3.5385305820105954,1.1788750000003567,47414823732.43679,10.675914140381451,10.0,ok
12,1,1e-06,1,1.5,1.333075449099291,1.329340388179137,0.0037350609201540763,-2.42770231029544,6.4996899371246215,0.6637910000000247,45202.308207340495,4.655160612159088,3.0,ok
12,2,1e-06,1,1.5,1.331868017254585,1.329340388179137,0.0025276290754479014,-2.5972866575674436,6.514165707404329,0.8885829999996098,663370.3988342322,5.821756088362585,4.0,ok
12,3,1e-06,1,1.5,1.331611780701744,1.329340388179137,0.0022713925226069964,-2.643707808240954,6.519205618456763,1.0472910000003388,1143705.3089009228,6.058314137040034,5.0,ok
12,4,1e-06,1,1.5,1.3304377718487677,1.329340388179137,0.001097383669630636,-2.959641506908367,6.53312393954845,0.9071249999998976,1886134.370659939,6.275572629205868,6.0,ok
12,5,1e-06,1,1.5,1.3296110977794884,1.329340388179137,0.0002707096003513598,-3.5674963422875345,6.5437781185303034,1.089374999999837,6976672.066210209,6.8436483097381435,7.0,ok
12,6,1e-06,1,1.5,1.3282696485573875,1.329340388179137,0.001070739621749528,-2.9703161263535316,6.5560246317622735,0.7055419999999479,23561830.731810696,7.37220903169376,8.0,ok
12,7,1e-06,1,1.5,1.3278169078978757,1.329340388179137,0.001523480281261369,-2.8171631625734364,6.5761262914020655,0.9148329999999483,129202372.62744589,8.11127048896515,9.0,ok
12,8,1e-06,1,1.5,1.326691289700028,1.329340388179137,0.002649098479108991,-2.5769018966900665,6.586175020325286,1.3788329999999682,2117750861.534005,9.325874867091006,10.0,ok
14,1,1e-06,1,1.5,1.3241900656332455,1.329340388179137,0.005150322545891539,-2.2881655718297957,13.405100466155588,0.810291000000074,34201.35220584974,4.534043276931274,3.0,ok
14,2,1e-06,1,1.5,1.323506432099352,1.329340388179137,0.0058339560797850964,-2.234036844734131,13.412333096587576,0.8930000000000327,681691.0792034834,5.833587610738883,4.0,ok
14,3,1e-06,1,1.5,1.3232493337395805,1.329340388179137,0.006091054439556487,-2.2153075189202953,13.415053316070011,0.8525000000001448,1145325.169727055,6.058928804902469,5.0,ok
14,4,1e-06,1,1.5,1.3225538607757696,1.329340388179137,0.006786527403367382,-2.168352392926694,13.421734618253488,1.105707999999872,1860601.5582762253,6.269653380347984,6.0,ok
14,5,1e-06,1,1.5,1.3222560204664267,1.329340388179137,0.007084367712710371,-2.149698904927406,13.427368389681291,1.0691670000002595,6162950.20376734,6.789788658673977,7.0,ok
14,6,1e-06,1,1.5,1.3216621457815956,1.329340388179137,0.007678242397541446,-2.114738181583947,13.4327311997689,1.1408330000000078,17096360.937176164,7.2329036780475215,8.0,ok
14,7,1e-06,1,1.5,1.3208592435413589,1.329340388179137,0.00848114463777816,-2.071545530252285,13.442288425143746,1.325957999999794,83539481.17043893,7.921891773712019,9.0,ok
14,8,1e-06,1,1.5,1.320158159903712,1.329340388179137,0.00918222827542503,-2.0370519146275985,13.446411883669045,1.5461669999998762,691605255.4682164,8.839858284793,10.0,ok
16,1,1e-06,1,1.5,1.3068678731661176,1.329340388179137,0.02247251501301939,-1.6483483207649392,27.070889583336434,1.6144580000001518,27858.874061639548,4.444963560088727,3.0,ok
16,2,1e-06,1,1.5,1.3065407590571476,1.329340388179137,0.022799629121989406,-1.6420722175426825,27.073040660947697,1.3362920000004053,705379.3610384079,5.848422748330816,4.0,ok
16,3,1e-06,1,1.5,1.3064418339394712,1.329340388179137,0.022898554239665803,-1.640191937116727,27.074031725550995,1.0844579999997883,1164809.4089069078,6.066254870056056,5.0,ok
16,4,1e-06,1,1.5,1.3061474461890423,1.329340388179137,0.023192941990094695,-1.6346441582605045,27.075864796713308,1.226833999999677,1880555.743974903,6.274286211431317,6.0,ok
16,5,1e-06,1,1.5,1.3058868388892166,1.329340388179137,0.023453549289920383,-1.6297914250006562,27.078058222933866,1.1705829999999473,5738091.343798041,6.758767457432408,7.0,ok
16,6,1e-06,1,1.5,1.3056390292544113,1.329340388179137,0.02370135892472569,-1.6252267528679352,27.079272825996618,1.2774589999997588,14131824.300624713,7.150198229262135,8.0,ok
16,7,1e-06,1,1.5,1.3053946985967322,1.329340388179137,0.02394568958240484,-1.6207726517297054,27.082998887584736,1.8098750000001829,64403441.70705652,7.808909076590304,9.0,ok
16,8,1e-06,1,1.5,1.305223732527765,1.329340388179137,0.02411665565137211,-1.6176829176287832,27.08363607715788,2.147165999999867,378334454.6620997,8.577875893997604,10.0,ok
18,1,1e-06,1,1.5,1.2763828717370167,1.329340388179137,0.05295751644212032,-1.27607239027481,51.80802289531375,1.4414170000001114,24494.32676256152,4.389065507179871,3.0,ok
18,2,1e-06,1,1.5,1.276389980557009,1.329340388179137,0.052950407622128104,-1.276130692263587,51.80802435648084,1.9106250000002767,739473.0862176992,5.868922372085657,4.0,ok
18,3,1e-06,1,1.5,1.2763691650132956,1.329340388179137,0.05297122316584146,-1.2759599985946612,51.80805761142609,1.7213330000003246,1206242.742429791,6.081434713351081,5.0,ok
18,4,1e-06,1,1.5,1.2763966028380438,1.329340388179137,0.05294378534109323,-1.2761850110139232,51.80807855003822,1.5246250000000572,1942289.7999651472,6.288314029452455,6.0,ok
18,5,1e-06,1,1.5,1.2763505898569572,1.329340388179137,0.05298979832217987,-1.27580773339624,51.80825375461464,1.7458329999997524,5566073.017075616,6.745548899214163,7.0,ok
18,6,1e-06,1,1.5,1.2764104264812055,1.329340388179137,0.052929961697931516,-1.2762984202800907,51.80836871045617,1.5569159999997417,12654065.565155873,7.102230080361129,8.0,ok
18,7,1e-06,1,1.5,1.2762919998322282,1.329340388179137,0.05304838834690884,-1.2753278057810453,51.808816026865436,1.6318750000001714,54993086.17855965,7.740308092708052,9.0,ok
18,8,1e-06,1,1.5,1.2764150287931697,1.329340388179137,0.05292535938596732,-1.2763361842521015,51.809220236444396,3.9881670000001535,264480172.65641928,8.42239311974108,10.0,ok
20,1,1e-06,1,1.5,1.2275770818603224,1.329340388179137,0.10176330631881458,-0.9924087911149845,93.39837751382822,2.4486669999999044,23255.65693031005,4.366528612055619,3.0,ok
20,2,1e-06,1,1.5,1.2278954469832233,1.329340388179137,0.10144494119591374,-0.9937696052642329,93.40220616075922,3.0502909999996497,787487.4209069618,5.896243625224399,4.0,ok
20,3,1e-06,1,1.5,1.2279641692630603,1.329340388179137,0.10137621891607673,-0.9940639109278304,93.40295889568502,1.1489999999998446,1272975.8829132314,6.104820175832038,5.0,ok
20,4,1e-06,1,1.5,1.2282863511613669,1.329340388179137,0.10105403701777016,-0.9954463321286872,93.4071347798302,1.3333340000003524,2047580.6516669008,6.311241017091335,6.0,ok
20,5,1e-06,1,1.5,1.2284058148184271,1.329340388179137,0.10093457336070988,-0.9959600483526021,93.40799696981495,1.3451250000002801,5586308.496228467,6.747124915344625,7.0,ok
20,6,1e-06,1,1.5,1.2287358583344836,1.329340388179137,0.1006045298446534,-0.9973824641881787,93.41257372187896,1.7582089999996775,11987933.18991216,7.078744313908798,8.0,ok
20,7,1e-06,1,1.5,1.228828693209688,1.329340388179137,0.10051169496944912,-0.9977834032663679,93.41332497102464,2.3185420000002566,50312557.01966703,7.70167638990201,9.0,ok
20,8,1e-06,1,1.5,1.2291772205070388,1.329340388179137,0.10016316767209821,-0.9992919493017853,93.41907888051367,1.5868330000001762,212645212.4939186,8.32765560943011,10.0,ok
24,1,1e-06,1,1.5,1.0625023889861382,1.329340388179137,0.2668379991929988,-0.5737523244378988,257.07391219481167,5.118292000000135,25159.10799807564,4.400695239381304,3.0,ok
24,2,1e-06,1,1.5,1.063323397174885,1.329340388179137,0.266016991004252,-0.5750906232797406,257.1260700324051,2.136625000000336,922184.8554328677,5.9648179857472545,4.0,ok
24,3,1e-06,1,1.5,1.0635418458118944,1.329340388179137,0.26579854236724265,-0.575447405047158,257.1404814875817,1.5789580000000747,1472353.1313871008,6.168011984335669,5.0,ok
24,4,1e-06,1,1.5,1.064335524664387,1.329340388179137,0.26500486351474994,-0.5767461555792814,257.1927596366706,2.6224580000002717,2367904.7301782416,6.374364225082044,6.0,ok
24,5,1e-06,1,1.5,1.0647578690214463,1.329340388179137,0.2645825191576907,-0.5774388528323532,257.21441056798153,2.391583000000086,6014320.837485274,6.779186592077243,7.0,ok
24,6,1e-06,1,1.5,1.0654923016329603,1.329340388179137,0.26384808654617675,-0.5786460510242843,257.26342300275263,2.5654999999997763,11938031.645920733,7.076932725806328,8.0,ok
24,7,1e-06,1,1.5,1.0658890765962,1.329340388179137,0.2634513115829371,-0.5792996349662575,257.2885822618927,2.8557909999999964,47729626.39721362,7.678788034947355,9.0,ok
24,8,1e-06,1,1.5,1.0665830747824916,1.329340388179137,0.26275731339664543,-0.5804451872936114,257.3388770222869,2.8136249999999308,172728799.52556294,8.237364754662266,10.0,ok
28,1,1e-06,1,1.5,0.829411968000537,1.329340388179137,0.49992842017860006,-0.30109217355766915,589.6545277080297,3.0637079999999983,29783.569697815154,4.473976748726908,3.0,ok
28,2,1e-06,1,1.5,0.8304087327247331,1.329340388179137,0.4989316554544039,-0.30195894073302487,589.8469488961393,2.946000000000115,1071060.1091606026,6.029813844635986,4.0,ok
28,3,1e-06,1,1.5,0.830685085180213,1.329340388179137,0.498655302998924,-0.3021995580517025,589.9037769279998,2.8698750000000217,1696415.564534605,6.2295322484378035,5.0,ok
28,4,1e-06,1,1.5,0.8316367619987506,1.329340388179137,0.49770362618038644,-0.3030291950518474,590.0933112831322,2.646583000000202,2730156.855846695,6.4361875993014666,6.0,ok
28,5,1e-06,1,1.5,0.8321852735183343,1.329340388179137,0.49715511466080275,-0.30350808826668096,590.181436512613,3.091624999999709,6602480.461300166,6.819707124674558,7.0,ok
28,6,1e-06,1,1.5,0.8330413653917205,1.329340388179137,0.49629902278741655,-0.3042565799275012,590.3527425816773,2.954416999999765,12461623.877736509,7.095574639047723,8.0,ok
28,7,1e-06,1,1.5,0.8335566011331705,1.329340388179137,0.4957837870459665,-0.3047076794875202,590.4572766817154,2.9906249999998025,48215281.18566409,7.683184703857511,9.0,ok
28,8,1e-06,1,1.5,0.8343377267664824,1.329340388179137,0.4950026614126546,-0.3053924660488096,590.6241421710516,34.858417000000145,159613025.90565175,8.203068330925143,10.0,ok
